{
  "op": "naive_bayes",
  "attributes": {
    "pi": {
      "double": [-1.0258529343856813, -1.079920155655957, -1.1977031913123404],
      "shape": {
        "dimensions": [{
          "size": 3,
          "name": ""
        }]
      },
      "type": "tensor"
    },
    "num_classes": {
      "long": 3
    },
    "theta": {
      "double": [-0.8811799047525195, -0.9564377998875662, -0.7156627979522812, -1.6406575311220193, -1.7480844057253933, -1.086456926288328, -1.2095828288095305, -1.1313855772362578, -1.9232770328844113, -2.3694520504122027, -2.1282317058492675, -3.590125852531851],
      "shape": {
        "dimensions": [{
          "size": 3,
          "name": ""
        }, {
          "size": 4,
          "name": ""
        }]
      },
      "type": "tensor"
    },
    "model_type": {
      "string": "multinomial"
    },
    "num_features": {
      "long": 4
    }
  }
}